{
  "schemaVersion": 1,
  "id": "gti",
  "version": "${version}",
  "name": "GTI",
  "description": "The Approved Continuation. Rewrite. And Re-envisioning of GregTech 5",
  "authors": [
    "Muramasa",
    "Rongmario",
    "Abbe",
    "Trinsdar"
  ],
  "contact": {
    "sources": "https://github.com/GregTech-Intergalactical/GregTech",
    "issues": "https://github.com/GregTech-Intergalactical/GregTech/issues",
    "discord": "https://discord.gg/9kM4bRj"
  },
  "mixins": ["gti.mixins.json"],
  "license": "LGPL-3.0",
  "icon": "assets/gti/icon.png",
  "depends": {
    "fabricloader": ">=0.14.0",
    "tesseractapi": ">=0.1",
    "antimatter": ">=0.2"
  },
  "entrypoints": {
    "antimatter_client": [
      "muramasa.gregtech.client.fabric.GregTechFabricClient"
    ],
    "main": [
      "muramasa.gregtech.fabric.GregTechFabric"
    ],
    "antimatter": [
      "muramasa.gregtech.GregTech",
      "muramasa.gregtech.GregTechPostRegistrar"
    ]
  }
}